{"cameraMode":{"drawMode":0,"name":"Shaded","section":"Shading Mode"},"sceneLighting":false,"audioPlay":false,"sceneViewState":{"showFog":true,"showMaterialUpdate":false,"showSkybox":false,"showFlares":true,"showImageEffects":true,"showParticleSystems":true},"in2DMode":false,"pivot":{"x":-0.0013279914855957032,"y":0.0,"z":0.005008697509765625},"rotation":{"x":0.09867404401302338,"y":0.9001084566116333,"z":-0.27430903911590578,"w":0.32377922534942629},"size":3.6575586795806886,"orthographic":false}