{"cameraMode":{"drawMode":0,"name":"Shaded","section":"Shading Mode"},"sceneLighting":true,"audioPlay":false,"sceneViewState":{"showFog":true,"showMaterialUpdate":false,"showSkybox":true,"showFlares":true,"showImageEffects":true,"showParticleSystems":true},"in2DMode":false,"pivot":{"x":7.769999980926514,"y":1.0199999809265137,"z":7.7859344482421879},"rotation":{"x":-0.27786850929260256,"y":-0.11864238232374191,"z":0.034606125205755237,"w":-0.9526373744010925},"size":1.2247450351715088,"orthographic":false}